{"stats":{"minecraft:custom":{"minecraft:time_since_rest":162956,"minecraft:crouch_one_cm":7256,"minecraft:sprint_one_cm":12849,"minecraft:play_time":162956,"minecraft:walk_one_cm":13261,"minecraft:sneak_time":3432,"minecraft:drop":7,"minecraft:jump":35,"minecraft:leave_game":5,"minecraft:time_since_death":162956,"minecraft:total_world_time":194704,"minecraft:fall_one_cm":269,"minecraft:fly_one_cm":82352},"minecraft:dropped":{"minecraft:cobweb":1,"minecraft:red_shulker_box":1,"minecraft:milk_bucket":1,"minecraft:cobbled_deepslate_slab":1,"minecraft:lime_concrete":1,"minecraft:warped_fence":1,"minecraft:cod":1},"minecraft:used":{"minecraft:yellow_wool":11,"minecraft:white_wool":93,"minecraft:bedrock":78,"minecraft:lime_concrete":1,"minecraft:magenta_wool":1,"minecraft:orange_concrete":1,"minecraft:red_wool":1,"minecraft:red_concrete":2,"minecraft:podzol":1,"minecraft:lime_wool":1,"minecraft:gold_block":1,"minecraft:yellow_concrete":3,"minecraft:orange_wool":1,"minecraft:magenta_concrete":1,"minecraft:cyan_concrete":1,"minecraft:stone":6,"minecraft:cyan_wool":2,"minecraft:light_blue_stained_glass":1,"minecraft:purple_wool":136,"minecraft:exposed_copper_grate":1},"minecraft:picked_up":{"minecraft:warped_fence":1}},"DataVersion":3953}