{"stats":{"minecraft:dropped":{"minecraft:waxed_weathered_cut_copper_stairs":1,"minecraft:enchanted_book":2,"minecraft:spruce_sign":8,"minecraft:bamboo_trapdoor":1,"minecraft:bricks":1,"minecraft:repeating_command_block":6,"minecraft:sweet_berries":1,"minecraft:stripped_mangrove_wood":1,"minecraft:lever":3,"minecraft:cobbled_deepslate_stairs":1,"minecraft:glow_ink_sac":4,"minecraft:diamond":126,"minecraft:deepslate_brick_wall":1,"minecraft:deepslate":1,"minecraft:cyan_dye":2,"minecraft:sandstone_stairs":1,"minecraft:barrier":1,"minecraft:deepslate_brick_slab":1,"minecraft:oak_planks":64,"minecraft:flower_banner_pattern":1,"minecraft:observer":1,"minecraft:villager_spawn_egg":1,"minecraft:comparator":1,"minecraft:structure_block":12,"minecraft:cherry_slab":1,"minecraft:beehive":1,"minecraft:command_block":104,"minecraft:nether_brick_wall":1,"minecraft:copper_door":1,"minecraft:spruce_fence":1,"minecraft:pale_oak_sign":5,"minecraft:suspicious_stew":1,"minecraft:dark_oak_leaves":1,"minecraft:deepslate_brick_stairs":2,"minecraft:stone":2,"minecraft:oak_button":3,"minecraft:diorite":1,"minecraft:conduit":1,"minecraft:spruce_planks":1,"minecraft:repeater":2,"minecraft:iron_chestplate":1,"minecraft:nether_wart_block":1,"minecraft:warped_fence_gate":1,"minecraft:popped_chorus_fruit":1,"minecraft:potion":2,"minecraft:brown_bed":1,"minecraft:spruce_slab":1,"minecraft:stripped_acacia_log":1,"minecraft:sand":1,"minecraft:orange_stained_glass_pane":1,"minecraft:chain_command_block":4,"minecraft:pink_glazed_terracotta":1,"minecraft:polished_granite":1},"minecraft:picked_up":{"minecraft:barrier":1,"minecraft:glow_ink_sac":3,"minecraft:pale_oak_sign":7,"minecraft:structure_block":24,"minecraft:deepslate_brick_slab":2,"minecraft:comparator":2,"minecraft:spruce_planks":3,"minecraft:spruce_slab":1,"minecraft:stone":2,"minecraft:deepslate_brick_wall":2,"minecraft:spruce_stairs":1,"minecraft:spruce_fence":2,"minecraft:spruce_log":2,"minecraft:repeating_command_block":1,"minecraft:command_block":8,"minecraft:lever":4,"minecraft:deepslate_bricks":1,"minecraft:spruce_sign":1,"minecraft:cyan_dye":2,"minecraft:oak_button":2,"minecraft:deepslate_brick_stairs":1},"minecraft:custom":{"minecraft:mob_kills":1,"minecraft:pot_flower":19,"minecraft:leave_game":40,"minecraft:time_since_death":5445,"minecraft:time_since_rest":5468,"minecraft:sprint_one_cm":202587,"minecraft:damage_taken":5220,"minecraft:walk_one_cm":424262,"minecraft:drop":146,"minecraft:damage_dealt":20,"minecraft:fly_one_cm":1075073,"minecraft:open_chest":4,"minecraft:crouch_one_cm":4781,"minecraft:play_time":399109,"minecraft:deaths":19,"minecraft:sneak_time":9635,"minecraft:jump":1211,"minecraft:total_world_time":562706,"minecraft:fall_one_cm":101137},"minecraft:used":{"minecraft:deepslate_brick_wall":28,"minecraft:orange_dye":5,"minecraft:mossy_stone_bricks":1,"minecraft:light_gray_dye":2,"minecraft:spruce_slab":300,"minecraft:redstone":6,"minecraft:oak_planks":32,"minecraft:suspicious_sand":1,"minecraft:tuff_stairs":1,"minecraft:black_carpet":9,"minecraft:chest":1,"minecraft:spruce_planks":165,"minecraft:stone":217,"minecraft:spruce_sign":28,"minecraft:white_dye":4,"minecraft:glow_ink_sac":65,"minecraft:structure_block":52,"minecraft:deepslate_bricks":193,"minecraft:oak_leaves":1,"minecraft:spruce_leaves":9,"minecraft:vine":1,"minecraft:sand":25,"minecraft:pale_oak_sign":121,"minecraft:blue_dye":2,"minecraft:brown_dye":1,"minecraft:light_blue_dye":4,"minecraft:comparator":5,"minecraft:white_carpet":17,"minecraft:green_dye":9,"minecraft:spruce_stairs":21,"minecraft:cyan_dye":28,"minecraft:pink_dye":1,"minecraft:spruce_fence":12,"minecraft:spruce_log":244,"minecraft:deepslate_brick_stairs":56,"minecraft:yellow_dye":4,"minecraft:flower_pot":7,"minecraft:lever":10,"minecraft:gray_dye":4,"minecraft:villager_spawn_egg":1,"minecraft:command_block":128,"minecraft:barrier":45,"minecraft:oak_button":28,"minecraft:suspicious_stew":6,"minecraft:dark_oak_leaves":1,"minecraft:lime_dye":7,"minecraft:purple_dye":1,"minecraft:pale_oak_fence_gate":1,"minecraft:repeater":38,"minecraft:red_carpet":10,"minecraft:weathered_cut_copper":1,"minecraft:azalea_leaves":1,"minecraft:black_dye":1,"minecraft:chain_command_block":24,"minecraft:repeating_command_block":14,"minecraft:red_dye":7,"minecraft:observer":3,"minecraft:magenta_dye":1}},"DataVersion":4189}