{
  "type": "minecraft:generic",
  "pools": [
    {
      "rolls": 1,
      "entries": [
        {
          "type": "minecraft:item",
          "name": "minecraft:apple"
        },
        {
          "type": "minecraft:item",
          "name": "minecraft:bread"
        },
        {
          "type": "minecraft:item",
          "name": "minecraft:cooked_beef"
        },
        {
          "type": "minecraft:item",
          "name": "minecraft:golden_apple"
        },
        {
          "type": "minecraft:item",
          "name": "minecraft:arrow"
        },
        {
          "type": "minecraft:item",
          "name": "minecraft:bow"
        },
        {
          "type": "minecraft:item",
          "name": "minecraft:shield"
        },
        {
          "type": "minecraft:item",
          "name": "minecraft:iron_sword"
        },
        {
          "type": "minecraft:item",
          "name": "minecraft:diamond_sword"
        },
        {
          "type": "minecraft:item",
          "name": "minecraft:netherite_sword"
        },
        {
          "type": "minecraft:item",
          "name": "minecraft:iron_pickaxe"
        },
        {
          "type": "minecraft:item",
          "name": "minecraft:diamond_pickaxe"
        },
        {
          "type": "minecraft:item",
          "name": "minecraft:netherite_pickaxe"
        },
        {
          "type": "minecraft:item",
          "name": "minecraft:iron_helmet"
        },
        {
          "type": "minecraft:item",
          "name": "minecraft:diamond_chestplate"
        },
        {
          "type": "minecraft:item",
          "name": "minecraft:diamond_boots"
        },
        {
          "type": "minecraft:item",
          "name": "minecraft:torch"
        },
        {
          "type": "minecraft:item",
          "name": "minecraft:iron_ingot"
        },
        {
          "type": "minecraft:item",
          "name": "minecraft:diamond"
        },
        {
          "type": "minecraft:item",
          "name": "minecraft:emerald"
        },
        {
          "type": "minecraft:item",
          "name": "minecraft:ender_pearl"
        },
        {
          "type": "minecraft:item",
          "name": "minecraft:blaze_rod"
        },
        {
          "type": "minecraft:item",
          "name": "minecraft:slime_ball"
        },
        {
          "type": "minecraft:item",
          "name": "minecraft:tnt"
        },
        {
          "type": "minecraft:item",
          "name": "minecraft:lava_bucket"
        },
        {
          "type": "minecraft:item",
          "name": "minecraft:elytra"
        },
        {
          "type": "minecraft:item",
          "name": "minecraft:trident"
        }
      ]
    }
  ]
}