{"stats":{"minecraft:custom":{"minecraft:open_shulker_box":2,"minecraft:leave_game":2,"minecraft:time_since_death":51955,"minecraft:sprint_one_cm":11698,"minecraft:walk_one_cm":69581,"minecraft:drop":39,"minecraft:play_time":144806,"minecraft:deaths":21,"minecraft:walk_under_water_one_cm":6715,"minecraft:sneak_time":18223,"minecraft:jump":820,"minecraft:walk_on_water_one_cm":1469,"minecraft:total_world_time":144806,"minecraft:time_since_rest":51976,"minecraft:damage_taken":975,"minecraft:damage_dealt":444,"minecraft:swim_one_cm":74,"minecraft:fly_one_cm":52177,"minecraft:player_kills":6,"minecraft:crouch_one_cm":35030,"minecraft:fall_one_cm":8691},"minecraft:killed_by":{"minecraft:player":3},"minecraft:dropped":{"minecraft:crimson_pressure_plate":1,"minecraft:iron_sword":1,"minecraft:pink_stained_glass":1,"minecraft:lilac":2,"minecraft:oak_hanging_sign":1,"minecraft:honeycomb":1,"minecraft:music_disc_pigstep":1,"minecraft:yellow_carpet":1,"minecraft:end_rod":1,"minecraft:flint":1,"minecraft:spruce_hanging_sign":1,"minecraft:black_candle":2,"minecraft:milk_bucket":1,"minecraft:mutton":1,"minecraft:crimson_roots":1,"minecraft:seagrass":1,"minecraft:mangrove_boat":1,"minecraft:snout_armor_trim_smithing_template":1,"minecraft:music_disc_ward":1,"minecraft:phantom_membrane":1,"minecraft:danger_pottery_sherd":1,"minecraft:crimson_hanging_sign":1,"minecraft:light_gray_carpet":1,"minecraft:pumpkin_seeds":1,"minecraft:carrot":1,"minecraft:lightning_rod":1,"minecraft:chainmail_chestplate":1,"minecraft:oak_chest_boat":1,"minecraft:flower_pot":1,"minecraft:sea_pickle":2,"minecraft:cyan_banner":1,"minecraft:skeleton_skull":1,"minecraft:fire_coral":1,"minecraft:brown_carpet":1,"minecraft:birch_boat":1,"minecraft:stone_brick_stairs":1},"minecraft:crafted":{"minecraft:cherry_planks":4,"minecraft:oak_planks":4,"minecraft:spruce_planks":4},"minecraft:mined":{"minecraft:spruce_planks":2,"minecraft:orange_wool":9,"minecraft:light_gray_bed":1,"minecraft:bamboo_block":1,"minecraft:fire":1,"minecraft:smooth_red_sandstone":1,"minecraft:twisting_vines":1,"minecraft:vine":1,"minecraft:black_candle":1,"minecraft:cherry_planks":2,"minecraft:oak_planks":3,"minecraft:polished_diorite_stairs":1,"minecraft:pink_stained_glass_pane":1},"minecraft:picked_up":{"minecraft:cherry_boat":1,"minecraft:spruce_planks":3,"minecraft:bamboo_block":1,"minecraft:light_gray_bed":1,"minecraft:lilac":1,"minecraft:cherry_planks":2,"minecraft:smooth_red_sandstone":1,"minecraft:oak_planks":3,"minecraft:black_candle":1,"minecraft:orange_wool":9,"minecraft:polished_diorite_stairs":1},"minecraft:used":{"minecraft:oak_trapdoor":1,"minecraft:moss_carpet":1,"minecraft:waxed_exposed_cut_copper":1,"minecraft:jack_o_lantern":1,"minecraft:polished_granite_stairs":2,"minecraft:chest":1,"minecraft:spruce_planks":7,"minecraft:ender_chest":1,"minecraft:polished_blackstone_wall":1,"minecraft:farmland":1,"minecraft:waxed_weathered_cut_copper_stairs":1,"minecraft:bee_spawn_egg":1,"minecraft:orange_stained_glass":1,"minecraft:torch":1,"minecraft:dragon_egg":1,"minecraft:target":2,"minecraft:cut_copper":1,"minecraft:hopper":1,"minecraft:nether_quartz_ore":1,"minecraft:prismarine_bricks":1,"minecraft:twisting_vines":1,"minecraft:chainmail_chestplate":1,"minecraft:jungle_slab":1,"minecraft:diamond_helmet":1,"minecraft:orange_wool":11,"minecraft:cracked_deepslate_tiles":1,"minecraft:jungle_trapdoor":1,"minecraft:dead_brain_coral_block":1,"minecraft:polished_deepslate_stairs":1,"minecraft:iron_hoe":6,"minecraft:glass":1,"minecraft:red_shulker_box":1,"minecraft:honey_block":1,"minecraft:bookshelf":1,"minecraft:mangrove_stairs":1,"minecraft:grass_block":1,"minecraft:muddy_mangrove_roots":2,"minecraft:slime_block":1,"minecraft:smooth_sandstone":1,"minecraft:orange_shulker_box":1,"minecraft:crimson_slab":1,"minecraft:dark_oak_slab":1,"minecraft:smooth_quartz":1,"minecraft:waxed_weathered_cut_copper":1,"minecraft:pink_stained_glass_pane":1,"minecraft:bedrock":1,"minecraft:diamond_chestplate":2,"minecraft:raw_copper_block":1,"minecraft:magma_block":1,"minecraft:black_stained_glass":1,"minecraft:mangrove_roots":1,"minecraft:blue_shulker_box":1,"minecraft:polished_diorite_stairs":3,"minecraft:horn_coral_block":3,"minecraft:end_stone_brick_stairs":1,"minecraft:acacia_planks":2,"minecraft:light_gray_bed":1,"minecraft:mangrove_leaves":1,"minecraft:emerald_ore":1,"minecraft:waxed_oxidized_cut_copper_slab":1,"minecraft:bamboo_mosaic":2,"minecraft:diamond_boots":1,"minecraft:prismarine_brick_slab":1,"minecraft:birch_leaves":1,"minecraft:red_nether_bricks":1,"minecraft:oak_planks":7,"minecraft:andesite_slab":1,"minecraft:lime_concrete_powder":1,"minecraft:red_mushroom_block":1,"minecraft:cherry_planks":6,"minecraft:cut_sandstone":1,"minecraft:black_glazed_terracotta":1,"minecraft:spruce_sign":1,"minecraft:fletching_table":1,"minecraft:red_glazed_terracotta":1,"minecraft:cobblestone_slab":1,"minecraft:purpur_pillar":1,"minecraft:deepslate_bricks":1,"minecraft:oak_leaves":1,"minecraft:diamond_block":1,"minecraft:golden_hoe":1,"minecraft:vine":1,"minecraft:yellow_terracotta":1,"minecraft:cut_sandstone_slab":1,"minecraft:waxed_weathered_cut_copper_slab":1,"minecraft:light_blue_wool":1,"minecraft:light_gray_terracotta":2,"minecraft:smooth_red_sandstone":2,"minecraft:bamboo_block":2,"minecraft:yellow_concrete":1,"minecraft:light_gray_concrete_powder":1,"minecraft:painting":1,"minecraft:dripstone_block":1,"minecraft:brown_glazed_terracotta":2,"minecraft:smoker":1,"minecraft:dark_prismarine":1,"minecraft:acacia_stairs":1,"minecraft:chiseled_sandstone":1,"minecraft:barrier":1,"minecraft:light_gray_candle":1,"minecraft:white_glazed_terracotta":1,"minecraft:jungle_stairs":1,"minecraft:polished_granite":1,"minecraft:bamboo_slab":1,"minecraft:fire_coral_block":1,"minecraft:fire_charge":1,"minecraft:purple_bed":1,"minecraft:cobbled_deepslate_slab":1,"minecraft:waxed_oxidized_cut_copper_stairs":1,"minecraft:andesite_stairs":1,"minecraft:chain":1,"minecraft:black_candle":1,"minecraft:polished_blackstone_button":1,"minecraft:white_concrete":1,"minecraft:golden_pickaxe":3,"minecraft:experience_bottle":1,"minecraft:gray_stained_glass":1}},"DataVersion":3700}