{"stats":{"minecraft:used":{"minecraft:dark_oak_stairs":1,"minecraft:netherite_sword":8,"minecraft:cherry_wood":1,"minecraft:diamond_boots":1,"minecraft:light_blue_glazed_terracotta":1,"minecraft:lodestone":1,"minecraft:light_gray_stained_glass_pane":1,"minecraft:redstone":45,"minecraft:carrot_on_a_stick":8,"minecraft:jungle_fence":1,"minecraft:andesite_slab":1,"minecraft:blackstone":1,"minecraft:leather_chestplate":1,"minecraft:stone":1,"minecraft:redstone_block":9,"minecraft:green_glazed_terracotta":1,"minecraft:orange_stained_glass":1,"minecraft:bamboo_mosaic_stairs":1,"minecraft:white_wool":1,"minecraft:polished_blackstone_pressure_plate":2,"minecraft:brewing_stand":1,"minecraft:diamond_block":1,"minecraft:soul_sand":1,"minecraft:terracotta":1,"minecraft:yellow_terracotta":1,"minecraft:cyan_glazed_terracotta":1,"minecraft:loom":1,"minecraft:shulker_box":1,"minecraft:yellow_carpet":1,"minecraft:blackstone_wall":1,"minecraft:painting":2,"minecraft:bamboo_button":1,"minecraft:cyan_stained_glass":1,"minecraft:blue_glazed_terracotta":1,"minecraft:dark_oak_planks":1,"minecraft:piston":1,"minecraft:lever":4,"minecraft:lime_banner":1,"minecraft:acacia_sign":1,"minecraft:command_block":60,"minecraft:waxed_cut_copper":1,"minecraft:deepslate_iron_ore":1,"minecraft:cherry_slab":1,"minecraft:oak_button":8,"minecraft:barrier":8,"minecraft:stone_button":2,"minecraft:iron_helmet":1,"minecraft:smooth_quartz":87,"minecraft:dark_oak_button":1,"minecraft:mud_bricks":1,"minecraft:crimson_planks":8,"minecraft:yellow_concrete_powder":1,"minecraft:purple_concrete":1,"minecraft:smooth_red_sandstone_slab":1,"minecraft:red_carpet":1,"minecraft:diamond_sword":25,"minecraft:repeater":3,"minecraft:bamboo_chest_raft":1,"minecraft:iron_trapdoor":1,"minecraft:dead_horn_coral_fan":1,"minecraft:jungle_button":1,"minecraft:cobbled_deepslate_slab":1,"minecraft:andesite_stairs":1,"minecraft:jungle_door":1,"minecraft:gray_bed":1,"minecraft:deepslate_coal_ore":1,"minecraft:andesite":1,"minecraft:smooth_stone_slab":1,"minecraft:repeating_command_block":4,"minecraft:egg":1,"minecraft:granite_wall":1,"minecraft:cherry_fence":1,"minecraft:smooth_stone":1},"minecraft:crafted":{"minecraft:crimson_planks":4},"minecraft:killed_by":{"minecraft:player":5},"minecraft:custom":{"minecraft:leave_game":2,"minecraft:time_since_death":84,"minecraft:time_since_rest":107,"minecraft:sprint_one_cm":73755,"minecraft:damage_taken":4416,"minecraft:walk_one_cm":186897,"minecraft:drop":24,"minecraft:damage_dealt":2327,"minecraft:fly_one_cm":572872,"minecraft:player_kills":12,"minecraft:crouch_one_cm":36543,"minecraft:play_time":539036,"minecraft:deaths":56,"minecraft:sneak_time":19027,"minecraft:boat_one_cm":17,"minecraft:jump":1502,"minecraft:walk_on_water_one_cm":2435,"minecraft:total_world_time":539036,"minecraft:fall_one_cm":32978},"minecraft:mined":{"minecraft:soul_sand":1,"minecraft:yellow_carpet":1,"minecraft:jungle_fence":1,"minecraft:crimson_planks":3,"minecraft:acacia_sign":1},"minecraft:dropped":{"minecraft:sugar_cane":1,"minecraft:cooked_chicken":1,"minecraft:dark_oak_sapling":1,"minecraft:oak_hanging_sign":1,"minecraft:raw_iron":1,"minecraft:cherry_sapling":1,"minecraft:barrier":1,"minecraft:light_gray_carpet":1,"minecraft:glow_lichen":1,"minecraft:yellow_carpet":1,"minecraft:sea_pickle":1,"minecraft:charcoal":1,"minecraft:lingering_potion":1,"minecraft:seagrass":1,"minecraft:phantom_membrane":2,"minecraft:dead_bubble_coral_fan":1,"minecraft:globe_banner_pattern":1,"minecraft:cartography_table":1,"minecraft:beetroot_soup":1,"minecraft:amethyst_cluster":1,"minecraft:gold_ingot":3},"minecraft:picked_up":{"minecraft:jungle_fence":1,"minecraft:crimson_planks":3,"minecraft:acacia_sign":1,"minecraft:green_bed":2,"minecraft:sand":2,"minecraft:redstone":4,"minecraft:yellow_carpet":1,"minecraft:lever":1,"minecraft:painting":1}},"DataVersion":3700}