{"stats":{"minecraft:killed":{"minecraft:cow":8},"minecraft:used":{"minecraft:orange_dye":3,"minecraft:light_blue_banner":2,"minecraft:moss_carpet":1,"minecraft:light_blue_stained_glass_pane":1,"minecraft:red_sand":3,"minecraft:polished_deepslate":1,"minecraft:smooth_quartz_slab":1,"minecraft:dispenser":1,"minecraft:polished_blackstone":1,"minecraft:elytra":2,"minecraft:oak_sign":43,"minecraft:polished_basalt":2,"minecraft:green_banner":1,"minecraft:creeper_head":1,"minecraft:white_shulker_box":1,"minecraft:warped_sign":2,"minecraft:bubble_coral":1,"minecraft:mossy_stone_brick_slab":1,"minecraft:smooth_sandstone_stairs":1,"minecraft:iron_chestplate":2,"minecraft:white_candle":1,"minecraft:oxidized_cut_copper":1,"minecraft:pink_candle":6,"minecraft:blue_stained_glass":1,"minecraft:jungle_planks":8,"minecraft:prismarine_brick_stairs":1,"minecraft:weathered_cut_copper_stairs":1,"minecraft:deepslate_tile_slab":1,"minecraft:furnace_minecart":2,"minecraft:acacia_button":2,"minecraft:beehive":1,"minecraft:cyan_wool":1,"minecraft:axolotl_bucket":2,"minecraft:crimson_button":1,"minecraft:waxed_oxidized_copper":1,"minecraft:red_wool":2,"minecraft:grass_block":1,"minecraft:packed_mud":1,"minecraft:quartz_block":3,"minecraft:polished_blackstone_brick_wall":1,"minecraft:wet_sponge":1,"minecraft:dark_oak_leaves":1,"minecraft:light_blue_bed":1,"minecraft:waxed_weathered_cut_copper":1,"minecraft:hopper_minecart":2,"minecraft:pink_wool":1,"minecraft:item_frame":26,"minecraft:bedrock":409,"minecraft:netherite_boots":2,"minecraft:deepslate_diamond_ore":2,"minecraft:repeater":137,"minecraft:redstone_lamp":1,"minecraft:red_nether_brick_wall":2,"minecraft:snow":1,"minecraft:bow":2,"minecraft:dark_oak_boat":1,"minecraft:blue_shulker_box":2,"minecraft:gray_bed":33,"minecraft:pearlescent_froglight":1,"minecraft:dead_brain_coral_fan":1,"minecraft:magenta_shulker_box":2,"minecraft:oak_chest_boat":2,"minecraft:lime_glazed_terracotta":1,"minecraft:bamboo_trapdoor":1,"minecraft:mossy_stone_bricks":1,"minecraft:waxed_oxidized_cut_copper_slab":1,"minecraft:leather_leggings":1,"minecraft:damaged_anvil":1,"minecraft:cow_spawn_egg":8,"minecraft:diamond_boots":1,"minecraft:warped_fungus_on_a_stick":6,"minecraft:dropper":1,"minecraft:wither_skeleton_skull":1,"minecraft:gray_carpet":1,"minecraft:chorus_fruit":1,"minecraft:cut_copper_slab":1,"minecraft:prismarine":1,"minecraft:birch_leaves":1,"minecraft:acacia_trapdoor":1,"minecraft:mangrove_planks":10,"minecraft:blackstone_stairs":2,"minecraft:jungle_fence":1,"minecraft:oak_planks":10,"minecraft:ender_pearl":1,"minecraft:chainmail_helmet":2,"minecraft:redstone_block":133,"minecraft:end_stone_brick_slab":1,"minecraft:clay":9,"minecraft:diamond_axe":4,"minecraft:jungle_boat":3,"minecraft:smooth_quartz_stairs":17,"minecraft:white_wool":1,"minecraft:brain_coral":1,"minecraft:golden_apple":1,"minecraft:respawn_anchor":1,"minecraft:blue_dye":3,"minecraft:sand":1,"minecraft:yellow_terracotta":1,"minecraft:netherite_leggings":2,"minecraft:weathered_cut_copper_slab":1,"minecraft:cyan_dye":1,"minecraft:oxidized_cut_copper_slab":1,"minecraft:gray_concrete":1,"minecraft:lingering_potion":1,"minecraft:note_block":1,"minecraft:black_bed":1,"minecraft:lightning_rod":1,"minecraft:birch_fence":1,"minecraft:redstone_torch":3,"minecraft:black_terracotta":2,"minecraft:lever":23,"minecraft:blue_glazed_terracotta":1,"minecraft:red_sandstone":2,"minecraft:cherry_hanging_sign":1,"minecraft:mangrove_door":1,"minecraft:stripped_bamboo_block":2,"minecraft:gray_stained_glass_pane":1,"minecraft:barrier":283,"minecraft:zombie_head":1,"minecraft:brown_wool":1,"minecraft:brown_stained_glass":1,"minecraft:light_gray_candle":1,"minecraft:verdant_froglight":1,"minecraft:stone_button":20,"minecraft:white_glazed_terracotta":1,"minecraft:spore_blossom":1,"minecraft:red_terracotta":1,"minecraft:polished_granite":2,"minecraft:diamond_ore":1,"minecraft:deepslate":2,"minecraft:golden_helmet":1,"minecraft:dead_horn_coral":1,"minecraft:jungle_sign":1,"minecraft:diamond_sword":10,"minecraft:grindstone":1,"minecraft:crimson_door":2,"minecraft:white_stained_glass":170,"minecraft:green_concrete_powder":1,"minecraft:ice":1,"minecraft:mossy_cobblestone_wall":1,"minecraft:oak_boat":2,"minecraft:chest_minecart":2,"minecraft:waxed_cut_copper_stairs":1,"minecraft:white_concrete":1,"minecraft:coarse_dirt":1,"minecraft:diorite_slab":2,"minecraft:gray_stained_glass":1,"minecraft:cherry_boat":1,"minecraft:trident":1,"minecraft:netherite_sword":2,"minecraft:enchanting_table":1,"minecraft:waxed_weathered_copper":1,"minecraft:orange_concrete":21,"minecraft:cracked_deepslate_bricks":1,"minecraft:carved_pumpkin":1,"minecraft:armor_stand":12,"minecraft:redstone":264,"minecraft:spruce_planks":12,"minecraft:sculk":1,"minecraft:brown_shulker_box":1,"minecraft:netherrack":1,"minecraft:cut_copper_stairs":1,"minecraft:green_glazed_terracotta":1,"minecraft:torch":2,"minecraft:end_stone_brick_wall":1,"minecraft:dirt":9,"minecraft:red_nether_brick_slab":1,"minecraft:ancient_debris":1,"minecraft:light_blue_dye":3,"minecraft:cherry_pressure_plate":1,"minecraft:spruce_stairs":1,"minecraft:twisting_vines":2,"minecraft:cobblestone_wall":1,"minecraft:dead_tube_coral":1,"minecraft:warped_door":1,"minecraft:light_gray_glazed_terracotta":1,"minecraft:golden_chestplate":1,"minecraft:polished_granite_slab":1,"minecraft:jungle_trapdoor":1,"minecraft:glow_lichen":1,"minecraft:spruce_fence":2,"minecraft:light_blue_stained_glass":1,"minecraft:blue_concrete":1,"minecraft:polished_diorite":1,"minecraft:shroomlight":23,"minecraft:birch_door":1,"minecraft:purple_banner":2,"minecraft:purple_stained_glass_pane":1,"minecraft:bamboo_raft":6,"minecraft:light_gray_stained_glass":27,"minecraft:bookshelf":1,"minecraft:cyan_shulker_box":1,"minecraft:birch_chest_boat":2,"minecraft:yellow_stained_glass":1,"minecraft:muddy_mangrove_roots":2,"minecraft:oak_stairs":1,"minecraft:cherry_slab":1,"minecraft:slime_block":1,"minecraft:smooth_sandstone":1,"minecraft:polished_deepslate_wall":1,"minecraft:smooth_quartz":2069,"minecraft:lime_dye":12,"minecraft:pink_stained_glass_pane":3,"minecraft:crimson_planks":11,"minecraft:smooth_basalt":1,"minecraft:yellow_concrete_powder":1,"minecraft:tadpole_bucket":1,"minecraft:weathered_cut_copper":1,"minecraft:magenta_wool":22,"minecraft:bamboo_chest_raft":7,"minecraft:minecart":2,"minecraft:granite_wall":1,"minecraft:stone_pressure_plate":1,"minecraft:red_dye":4,"minecraft:observer":5,"minecraft:bamboo_planks":2,"minecraft:golden_axe":2,"minecraft:brown_bed":1,"minecraft:mangrove_boat":1,"minecraft:deepslate_emerald_ore":1,"minecraft:water_bucket":10,"minecraft:yellow_banner":3,"minecraft:warped_hanging_sign":1,"minecraft:nether_brick_wall":1,"minecraft:iron_ore":1,"minecraft:pink_glazed_terracotta":1,"minecraft:lodestone":1,"minecraft:birch_planks":15,"minecraft:cartography_table":2,"minecraft:lime_wool":3,"minecraft:red_nether_bricks":1,"minecraft:bubble_coral_fan":1,"minecraft:blue_wool":1,"minecraft:copper_block":1,"minecraft:birch_boat":2,"minecraft:purple_glazed_terracotta":1,"minecraft:cut_sandstone":1,"minecraft:magenta_stained_glass":1,"minecraft:glow_ink_sac":17,"minecraft:chiseled_nether_bricks":1,"minecraft:green_bed":24,"minecraft:cobblestone_slab":1,"minecraft:leather_boots":3,"minecraft:gold_ore":1,"minecraft:deepslate_bricks":1,"minecraft:conduit":1,"minecraft:cracked_stone_bricks":1,"minecraft:gilded_blackstone":1,"minecraft:waxed_exposed_copper":2,"minecraft:glow_item_frame":36,"minecraft:polished_blackstone_pressure_plate":2,"minecraft:rail":12,"minecraft:orange_carpet":1,"minecraft:lime_terracotta":18,"minecraft:comparator":25,"minecraft:terracotta":1,"minecraft:crafting_table":1,"minecraft:green_dye":6,"minecraft:painting":18,"minecraft:magenta_carpet":1,"minecraft:warped_planks":8,"minecraft:cyan_stained_glass":1,"minecraft:nether_gold_ore":1,"minecraft:mud":1,"minecraft:light_blue_candle":3,"minecraft:activator_rail":1,"minecraft:piston":12,"minecraft:yellow_dye":7,"minecraft:light":11,"minecraft:command_block":220,"minecraft:cracked_polished_blackstone_bricks":1,"minecraft:oak_button":45,"minecraft:iron_pickaxe":1,"minecraft:netherite_axe":6,"minecraft:tnt_minecart":2,"minecraft:cherry_chest_boat":3,"minecraft:cyan_concrete":1,"minecraft:stone_slab":2,"minecraft:crimson_nylium":1,"minecraft:magenta_banner":1,"minecraft:green_carpet":1,"minecraft:cyan_stained_glass_pane":1,"minecraft:bucket":10,"minecraft:potion":1,"minecraft:cherry_stairs":4,"minecraft:jungle_door":1,"minecraft:cooked_porkchop":1,"minecraft:purple_bed":1,"minecraft:turtle_helmet":2,"minecraft:red_concrete_powder":2,"minecraft:red_banner":2,"minecraft:lapis_block":1,"minecraft:chain_command_block":7,"minecraft:magenta_glazed_terracotta":1,"minecraft:repeating_command_block":64,"minecraft:brush":5,"minecraft:husk_spawn_egg":6,"minecraft:sculk_vein":1,"minecraft:sculk_catalyst":1,"minecraft:diamond_leggings":1,"minecraft:birch_stairs":1,"minecraft:pillager_spawn_egg":9,"minecraft:soul_torch":1,"minecraft:chainmail_leggings":1},"minecraft:crafted":{"minecraft:oak_planks":8,"minecraft:warped_planks":8,"minecraft:spruce_planks":12,"minecraft:birch_planks":8,"minecraft:dark_oak_planks":4,"minecraft:crimson_planks":8,"minecraft:mangrove_planks":8,"minecraft:jungle_planks":8},"minecraft:killed_by":{"minecraft:player":22},"minecraft:custom":{"minecraft:open_shulker_box":3,"minecraft:leave_game":11,"minecraft:time_since_death":191,"minecraft:sprint_one_cm":673900,"minecraft:drop":170,"minecraft:play_noteblock":4,"minecraft:play_time":1295876,"minecraft:deaths":272,"minecraft:jump":5104,"minecraft:walk_on_water_one_cm":6342,"minecraft:interact_with_cartography_table":1,"minecraft:damage_dealt":3066,"minecraft:player_kills":11,"minecraft:crouch_one_cm":323792,"minecraft:inspect_dispenser":1,"minecraft:inspect_dropper":1,"minecraft:mob_kills":12,"minecraft:walk_one_cm":1028381,"minecraft:sneak_time":131548,"minecraft:walk_under_water_one_cm":924,"minecraft:boat_one_cm":2490,"minecraft:total_world_time":1472792,"minecraft:interact_with_grindstone":1,"minecraft:time_since_rest":213,"minecraft:damage_taken":10461,"minecraft:swim_one_cm":167,"minecraft:fly_one_cm":5458171,"minecraft:aviate_one_cm":4975,"minecraft:fall_one_cm":61151},"minecraft:dropped":{"minecraft:orange_dye":2,"minecraft:polished_granite_slab":1,"minecraft:loom":2,"minecraft:dark_oak_sapling":1,"minecraft:orange_tulip":1,"minecraft:netherite_upgrade_smithing_template":1,"minecraft:warped_fungus_on_a_stick":1,"minecraft:cookie":1,"minecraft:glow_berries":1,"minecraft:leather":1,"minecraft:silence_armor_trim_smithing_template":3,"minecraft:dragon_breath":1,"minecraft:music_disc_11":1,"minecraft:red_shulker_box":2,"minecraft:conduit":1,"minecraft:mojang_banner_pattern":1,"minecraft:gilded_blackstone":1,"minecraft:sunflower":1,"minecraft:phantom_membrane":2,"minecraft:verdant_froglight":128,"minecraft:fermented_spider_eye":1,"minecraft:birch_chest_boat":1,"minecraft:music_disc_stal":1,"minecraft:end_crystal":64,"minecraft:gold_ingot":2,"minecraft:armor_stand":1,"minecraft:note_block":65,"minecraft:sugar_cane":1,"minecraft:detector_rail":1,"minecraft:music_disc_otherside":1,"minecraft:pink_dye":1,"minecraft:music_disc_5":1,"minecraft:rotten_flesh":1,"minecraft:grindstone":64,"minecraft:fern":1,"minecraft:blaze_powder":1,"minecraft:warped_hanging_sign":1,"minecraft:salmon":2,"minecraft:rabbit_foot":1,"minecraft:eye_armor_trim_smithing_template":1,"minecraft:tipped_arrow":1,"minecraft:soul_campfire":1,"minecraft:gunpowder":2,"minecraft:skull_banner_pattern":1,"minecraft:ochre_froglight":66,"minecraft:charcoal":1,"minecraft:leather_boots":1,"minecraft:ladder":64,"minecraft:spire_armor_trim_smithing_template":1,"minecraft:quartz":1,"minecraft:cartography_table":64,"minecraft:enchanted_book":1,"minecraft:stone_hoe":1,"minecraft:vine":1,"minecraft:magenta_carpet":1,"minecraft:wheat_seeds":1,"minecraft:chorus_flower":3,"minecraft:golden_horse_armor":1,"minecraft:minecart":1,"minecraft:poisonous_potato":2,"minecraft:prismarine_shard":2,"minecraft:barrier":11,"minecraft:lead":2,"minecraft:burn_pottery_sherd":1,"minecraft:purple_dye":1,"minecraft:golden_apple":1,"minecraft:mushroom_stew":2,"minecraft:pufferfish":1,"minecraft:oxeye_daisy":1,"minecraft:spruce_hanging_sign":1,"minecraft:blue_dye":1,"minecraft:wooden_hoe":1,"minecraft:lodestone":1,"minecraft:wooden_axe":1,"minecraft:smooth_quartz":1,"minecraft:rib_armor_trim_smithing_template":1,"minecraft:cyan_candle":1,"minecraft:flowering_azalea":2,"minecraft:heart_of_the_sea":1,"minecraft:stonecutter":1,"minecraft:chipped_anvil":2,"minecraft:bucket":4,"minecraft:music_disc_cat":1,"minecraft:skull_pottery_sherd":1,"minecraft:redstone_block":1,"minecraft:dandelion":1,"minecraft:waxed_weathered_cut_copper_stairs":1,"minecraft:furnace":64,"minecraft:anvil":64,"minecraft:brown_dye":1,"minecraft:netherite_hoe":2,"minecraft:wild_armor_trim_smithing_template":1,"minecraft:jukebox":66,"minecraft:bowl":2,"minecraft:green_bed":6,"minecraft:tall_grass":1,"minecraft:clay_ball":1,"minecraft:smoker":64,"minecraft:iron_hoe":1,"minecraft:glow_lichen":65,"minecraft:lily_of_the_valley":2,"minecraft:blast_furnace":64,"minecraft:big_dripleaf":2,"minecraft:light_blue_dye":1,"minecraft:snow":1,"minecraft:shroomlight":64,"minecraft:brain_coral_block":1,"minecraft:oak_button":1,"minecraft:allium":1,"minecraft:howl_pottery_sherd":1,"minecraft:popped_chorus_fruit":1,"minecraft:dead_fire_coral_fan":1,"minecraft:light_gray_dye":1,"minecraft:blue_orchid":2,"minecraft:raw_gold":1,"minecraft:music_disc_mellohi":1,"minecraft:bell":65,"minecraft:nautilus_shell":1,"minecraft:magma_block":128,"minecraft:heartbreak_pottery_sherd":2,"minecraft:cooked_rabbit":1},"minecraft:mined":{"minecraft:cherry_pressure_plate":1,"minecraft:spruce_planks":3,"minecraft:red_sand":1,"minecraft:grass_block":1,"minecraft:warped_sign":1,"minecraft:pink_candle":5,"minecraft:twisting_vines":1,"minecraft:oak_planks":1,"minecraft:light_blue_banner":1,"minecraft:bamboo_planks":1,"minecraft:dirt":8,"minecraft:crimson_planks":2,"minecraft:redstone_lamp":1,"minecraft:redstone_wire":3,"minecraft:lime_wool":2,"minecraft:red_concrete_powder":1,"minecraft:red_wool":1,"minecraft:sculk":1,"minecraft:birch_planks":7,"minecraft:ice":1,"minecraft:gray_bed":1,"minecraft:mangrove_planks":3,"minecraft:muddy_mangrove_roots":1,"minecraft:light_blue_candle":2},"minecraft:picked_up":{"minecraft:wooden_axe":2,"minecraft:redstone_block":92,"minecraft:magenta_carpet":1,"minecraft:lead":4,"minecraft:crimson_planks":2,"minecraft:shroomlight":2,"minecraft:oak_sign":5,"minecraft:red_sand":1,"minecraft:redstone_torch":1,"minecraft:smooth_quartz":5,"minecraft:bamboo_chest_raft":2,"minecraft:jukebox":2,"minecraft:green_bed":6,"minecraft:yellow_banner":1,"minecraft:rotten_flesh":1,"minecraft:command_block":2,"minecraft:muddy_mangrove_roots":1,"minecraft:barrier":15,"minecraft:repeater":2,"minecraft:dirt":9,"minecraft:chipped_anvil":2,"minecraft:stonecutter":1,"minecraft:bell":1,"minecraft:oak_planks":1,"minecraft:glow_lichen":1,"minecraft:bamboo_raft":2,"minecraft:sand":28,"minecraft:birch_chest_boat":2,"minecraft:loom":2,"minecraft:lever":3,"minecraft:light_blue_candle":1,"minecraft:conduit":1,"minecraft:pink_candle":5,"minecraft:snow":1,"minecraft:beef":13,"minecraft:lime_wool":1,"minecraft:note_block":1,"minecraft:stone_button":3,"minecraft:redstone":48,"minecraft:red_shulker_box":2,"minecraft:warped_sign":1,"minecraft:gold_ingot":1,"minecraft:soul_campfire":1,"minecraft:dark_oak_button":1,"minecraft:leather":11,"minecraft:ochre_froglight":1,"minecraft:birch_planks":6,"minecraft:bedrock":3,"minecraft:light_blue_banner":1,"minecraft:mangrove_planks":2,"minecraft:red_concrete_powder":1,"minecraft:bamboo_planks":1,"minecraft:birch_boat":1,"minecraft:red_wool":1,"minecraft:lime_banner":1,"minecraft:painting":1,"minecraft:oak_button":11,"minecraft:lodestone":1}},"DataVersion":3700}