{"stats":{"minecraft:custom":{"minecraft:open_shulker_box":3,"minecraft:leave_game":1,"minecraft:time_since_death":0,"minecraft:time_since_rest":53,"minecraft:sprint_one_cm":16863,"minecraft:damage_taken":1488,"minecraft:walk_one_cm":74691,"minecraft:drop":39,"minecraft:damage_dealt":224,"minecraft:fly_one_cm":61522,"minecraft:player_kills":5,"minecraft:crouch_one_cm":7925,"minecraft:play_time":92630,"minecraft:deaths":25,"minecraft:sneak_time":5171,"minecraft:walk_under_water_one_cm":1183,"minecraft:jump":355,"minecraft:interact_with_blast_furnace":1,"minecraft:walk_on_water_one_cm":1436,"minecraft:total_world_time":92630,"minecraft:fall_one_cm":10292},"minecraft:killed_by":{"minecraft:player":9},"minecraft:dropped":{"minecraft:porkchop":1,"minecraft:orange_dye":1,"minecraft:pitcher_plant":1,"minecraft:cooked_chicken":3,"minecraft:dead_brain_coral":1,"minecraft:wild_armor_trim_smithing_template":1,"minecraft:pig_spawn_egg":1,"minecraft:golden_horse_armor":1,"minecraft:plenty_pottery_sherd":1,"minecraft:cookie":1,"minecraft:salmon_bucket":1,"minecraft:dark_oak_button":1,"minecraft:iron_horse_armor":1,"minecraft:saddle":1,"minecraft:sentry_armor_trim_smithing_template":1,"minecraft:carrot_on_a_stick":1,"minecraft:acacia_trapdoor":1,"minecraft:spruce_fence":1,"minecraft:polished_blackstone_button":1,"minecraft:shears":1,"minecraft:red_mushroom":1,"minecraft:crimson_button":1,"minecraft:music_disc_mall":1,"minecraft:seagrass":2,"minecraft:rib_armor_trim_smithing_template":1,"minecraft:wither_rose":1,"minecraft:amethyst_shard":1,"minecraft:tube_coral":1,"minecraft:nautilus_shell":1,"minecraft:cooked_rabbit":1,"minecraft:tripwire_hook":1,"minecraft:beetroot_soup":1,"minecraft:purple_carpet":1,"minecraft:gold_ingot":1,"minecraft:bone":1,"minecraft:music_disc_blocks":1},"minecraft:crafted":{"minecraft:cherry_planks":8,"minecraft:birch_planks":12,"minecraft:warped_planks":4,"minecraft:acacia_planks":4,"minecraft:dark_oak_planks":8},"minecraft:mined":{"minecraft:blue_carpet":1,"minecraft:cherry_planks":3,"minecraft:fire_coral":1,"minecraft:honey_block":1,"minecraft:white_stained_glass":1,"minecraft:purple_stained_glass_pane":1,"minecraft:acacia_trapdoor":1,"minecraft:birch_door":1,"minecraft:azalea_leaves":1,"minecraft:birch_fence":1,"minecraft:dark_oak_planks":1},"minecraft:picked_up":{"minecraft:birch_door":1,"minecraft:cherry_planks":3,"minecraft:clay_ball":1,"minecraft:stone_brick_stairs":1,"minecraft:birch_fence":1,"minecraft:acacia_trapdoor":1,"minecraft:cooked_chicken":1,"minecraft:cherry_button":1,"minecraft:pink_stained_glass":1,"minecraft:dark_oak_planks":1,"minecraft:blue_carpet":1,"minecraft:honey_block":1,"minecraft:chorus_flower":1},"minecraft:used":{"minecraft:cobbled_deepslate_wall":1,"minecraft:deepslate_emerald_ore":1,"minecraft:purpur_block":1,"minecraft:water_bucket":2,"minecraft:jungle_leaves":1,"minecraft:blue_terracotta":1,"minecraft:redstone_ore":1,"minecraft:cobblestone_stairs":1,"minecraft:mossy_stone_brick_stairs":1,"minecraft:warped_hanging_sign":1,"minecraft:carrot_on_a_stick":19,"minecraft:smooth_quartz_slab":1,"minecraft:birch_planks":12,"minecraft:red_sandstone_slab":1,"minecraft:yellow_shulker_box":1,"minecraft:acacia_trapdoor":1,"minecraft:prismarine_stairs":1,"minecraft:red_nether_bricks":1,"minecraft:bone_block":2,"minecraft:black_carpet":1,"minecraft:white_concrete_powder":1,"minecraft:spruce_planks":1,"minecraft:cherry_planks":11,"minecraft:tinted_glass":1,"minecraft:ender_chest":1,"minecraft:purple_shulker_box":1,"minecraft:warped_sign":1,"minecraft:fletching_table":1,"minecraft:gilded_blackstone":1,"minecraft:exposed_cut_copper_stairs":1,"minecraft:diamond_block":1,"minecraft:soul_sand":1,"minecraft:yellow_terracotta":1,"minecraft:cut_sandstone_slab":2,"minecraft:dark_prismarine_slab":1,"minecraft:polished_granite_slab":1,"minecraft:crimson_trapdoor":1,"minecraft:blue_stained_glass":1,"minecraft:prismarine_bricks":1,"minecraft:crossbow":1,"minecraft:yellow_concrete":1,"minecraft:blast_furnace":1,"minecraft:stone_stairs":1,"minecraft:chiseled_quartz_block":1,"minecraft:fire_coral":1,"minecraft:stone_brick_wall":1,"minecraft:painting":2,"minecraft:red_sandstone_wall":1,"minecraft:mangrove_sign":1,"minecraft:nether_brick_stairs":2,"minecraft:smooth_red_sandstone_stairs":1,"minecraft:mud_brick_stairs":1,"minecraft:warped_planks":4,"minecraft:oak_fence_gate":1,"minecraft:exposed_copper":1,"minecraft:birch_fence":1,"minecraft:polished_blackstone_slab":1,"minecraft:birch_door":1,"minecraft:purple_stained_glass_pane":2,"minecraft:dark_oak_planks":9,"minecraft:piston":1,"minecraft:honey_block":1,"minecraft:black_wool":1,"minecraft:black_concrete":1,"minecraft:acacia_sign":1,"minecraft:birch_chest_boat":1,"minecraft:yellow_stained_glass":1,"minecraft:verdant_froglight":2,"minecraft:orange_shulker_box":1,"minecraft:packed_mud":1,"minecraft:netherite_axe":1,"minecraft:wet_sponge":1,"minecraft:cherry_chest_boat":1,"minecraft:cracked_nether_bricks":1,"minecraft:red_terracotta":1,"minecraft:purpur_slab":1,"minecraft:cherry_button":1,"minecraft:bamboo_slab":1,"minecraft:stone_brick_stairs":1,"minecraft:prismarine_slab":1,"minecraft:yellow_wool":1,"minecraft:blue_carpet":1,"minecraft:tadpole_bucket":1,"minecraft:birch_button":1,"minecraft:smooth_red_sandstone_slab":1,"minecraft:magma_block":1,"minecraft:cobblestone":1,"minecraft:azalea_leaves":1,"minecraft:deepslate_tile_stairs":1,"minecraft:oxidized_cut_copper_stairs":1,"minecraft:glass_pane":1,"minecraft:bucket":2,"minecraft:smooth_stone_slab":1,"minecraft:gray_banner":1,"minecraft:white_concrete":1,"minecraft:golden_axe":2,"minecraft:acacia_planks":4,"minecraft:sculk_catalyst":1,"minecraft:enchanted_golden_apple":1,"minecraft:pumpkin":2,"minecraft:gray_stained_glass":1,"minecraft:lime_glazed_terracotta":1}},"DataVersion":3700}