{"stats":{"minecraft:picked_up":{"minecraft:smooth_quartz":1,"minecraft:smooth_quartz_stairs":1},"minecraft:used":{"minecraft:smooth_quartz_stairs":2,"minecraft:comparator":1,"minecraft:command_block":1,"minecraft:redstone":1,"minecraft:oak_sign":3,"minecraft:cyan_dye":1,"minecraft:repeating_command_block":1,"minecraft:smooth_quartz":19,"minecraft:lime_dye":1,"minecraft:glow_ink_sac":1},"minecraft:custom":{"minecraft:time_since_rest":193,"minecraft:crouch_one_cm":7347,"minecraft:play_time":31888,"minecraft:sprint_one_cm":51290,"minecraft:walk_one_cm":36828,"minecraft:deaths":6,"minecraft:sneak_time":2163,"minecraft:jump":287,"minecraft:leave_game":1,"minecraft:time_since_death":171,"minecraft:total_world_time":75926,"minecraft:fly_one_cm":162418,"minecraft:fall_one_cm":211}},"DataVersion":3700}