{"stats":{"minecraft:killed":{"minecraft:wandering_trader":1},"minecraft:used":{"minecraft:crimson_hanging_sign":1,"minecraft:oak_trapdoor":1,"minecraft:moss_block":3,"minecraft:trident":1,"minecraft:lever":6,"minecraft:water_bucket":1,"minecraft:jack_o_lantern":1,"minecraft:end_rod":1,"minecraft:tube_coral_block":1,"minecraft:bricks":1,"minecraft:daylight_detector":1,"minecraft:mangrove_stairs":1,"minecraft:command_block":17,"minecraft:armor_stand":1,"minecraft:oak_button":3,"minecraft:redstone":15,"minecraft:dark_oak_sign":1,"minecraft:barrier":29,"minecraft:oak_sign":1,"minecraft:stone_button":32,"minecraft:redstone_block":5,"minecraft:smooth_quartz":235,"minecraft:stonecutter":1,"minecraft:smooth_quartz_stairs":174,"minecraft:bedrock":2,"minecraft:repeater":10,"minecraft:honeycomb_block":2,"minecraft:warped_wart_block":1,"minecraft:anvil":1,"minecraft:comparator":2,"minecraft:cherry_stairs":1,"minecraft:red_bed":3,"minecraft:lime_stained_glass":1,"minecraft:light_blue_wool":1,"minecraft:gray_bed":1,"minecraft:waxed_oxidized_cut_copper_stairs":1,"minecraft:chain_command_block":5,"minecraft:repeating_command_block":3,"minecraft:light_gray_concrete_powder":1,"minecraft:bee_nest":1,"minecraft:tropical_fish_bucket":1,"minecraft:endermite_spawn_egg":2,"minecraft:observer":3,"minecraft:brown_mushroom_block":1,"minecraft:bamboo_button":2,"minecraft:splash_potion":4,"minecraft:lava_bucket":1,"minecraft:light":7,"minecraft:piston":1},"minecraft:killed_by":{"minecraft:player":1},"minecraft:custom":{"minecraft:time_since_rest":22838,"minecraft:sprint_one_cm":105848,"minecraft:damage_taken":1283,"minecraft:walk_one_cm":174281,"minecraft:mob_kills":2,"minecraft:interact_with_anvil":1,"minecraft:drop":58,"minecraft:damage_dealt":388,"minecraft:swim_one_cm":35,"minecraft:fly_one_cm":851078,"minecraft:player_kills":6,"minecraft:crouch_one_cm":42381,"minecraft:play_time":541471,"minecraft:deaths":64,"minecraft:sneak_time":20221,"minecraft:walk_under_water_one_cm":907,"minecraft:jump":636,"minecraft:leave_game":2,"minecraft:walk_on_water_one_cm":768,"minecraft:time_since_death":22810,"minecraft:total_world_time":541471,"minecraft:fall_one_cm":5650},"minecraft:mined":{"minecraft:moss_block":1},"minecraft:dropped":{"minecraft:brain_coral_fan":1,"minecraft:firework_star":1,"minecraft:oak_chest_boat":1,"minecraft:magenta_carpet":1,"minecraft:brown_mushroom":1,"minecraft:purple_bed":1,"minecraft:barrier":45,"minecraft:shaper_armor_trim_smithing_template":2,"minecraft:warped_roots":1,"minecraft:white_dye":1,"minecraft:granite_stairs":1,"minecraft:saddle":1,"minecraft:quartz":1},"minecraft:picked_up":{"minecraft:barrier":46,"minecraft:lead":1,"minecraft:stone_button":9,"minecraft:redstone":1,"minecraft:bamboo_button":1,"minecraft:oak_sign":1,"minecraft:polished_blackstone_pressure_plate":1,"minecraft:lever":1,"minecraft:moss_block":1}},"DataVersion":3700}